strategy,condition,metric,value,participant_std,participants
zero,full_22,balanced_accuracy,0.648650115316782,0.1643985382356793,9
zero,full_22,log_loss,0.9927471111283056,0.4105249642155955,9
zero,random_static_16,balanced_accuracy,0.3655928330928331,0.07698438366951071,9
zero,random_static_16,log_loss,2.227037507084544,0.6086764292573273,9
zero,dynamic_random_16,balanced_accuracy,0.36797622130955465,0.08076858799425776,9
zero,dynamic_random_16,log_loss,2.233179782840353,0.6643585513362287,9
zero,random_static_6,balanced_accuracy,0.31426003009336345,0.05423166374896198,9
zero,random_static_6,log_loss,2.460993040331129,0.44163049152610867,9
zero,dynamic_random_6,balanced_accuracy,0.31902236652236654,0.07244502433591042,9
zero,dynamic_random_6,log_loss,2.3461107405426422,0.42375519488766433,9
covariance_frozen,full_22,balanced_accuracy,0.648650115316782,0.1643985382356793,9
covariance_frozen,full_22,log_loss,0.9927471111283056,0.4105249642155955,9
covariance_frozen,random_static_16,balanced_accuracy,0.5786306594639927,0.1801468537922217,9
covariance_frozen,random_static_16,log_loss,1.0946434934046485,0.4093774862591195,9
covariance_frozen,dynamic_random_16,balanced_accuracy,0.5868111518111517,0.17818504752718062,9
covariance_frozen,dynamic_random_16,log_loss,1.0807525137850313,0.4087334197701599,9
covariance_frozen,random_static_6,balanced_accuracy,0.4091141882808549,0.10550492433052312,9
covariance_frozen,random_static_6,log_loss,1.8547002268281554,0.5335788067792343,9
covariance_frozen,dynamic_random_6,balanced_accuracy,0.4082284998951666,0.11181469220345469,9
covariance_frozen,dynamic_random_6,log_loss,1.8304822350783343,0.5667907363789507,9
covariance_learned,full_22,balanced_accuracy,0.648650115316782,0.1643985382356793,9
covariance_learned,full_22,log_loss,0.9927471111283056,0.4105249642155955,9
covariance_learned,random_static_16,balanced_accuracy,0.5960504310504311,0.17543696740550052,9
covariance_learned,random_static_16,log_loss,1.0221738883736888,0.40618077293793753,9
covariance_learned,dynamic_random_16,balanced_accuracy,0.6001175984509318,0.17272426420871745,9
covariance_learned,dynamic_random_16,log_loss,1.026766247059549,0.40570357310782934,9
covariance_learned,random_static_6,balanced_accuracy,0.5144569936236603,0.13510489305588444,9
covariance_learned,random_static_6,log_loss,1.2969410325695891,0.31514798873760547,9
covariance_learned,dynamic_random_6,balanced_accuracy,0.5262737262737263,0.14545387315406283,9
covariance_learned,dynamic_random_6,log_loss,1.2488152196919573,0.34525734892959986,9
tucker_frozen,full_22,balanced_accuracy,0.648650115316782,0.1643985382356793,9
tucker_frozen,full_22,log_loss,0.9927471111283056,0.4105249642155955,9
tucker_frozen,random_static_16,balanced_accuracy,0.39885253635253637,0.09391247836853998,9
tucker_frozen,random_static_16,log_loss,2.0089106359657243,0.607135567444273,9
tucker_frozen,dynamic_random_16,balanced_accuracy,0.4034805009805009,0.10473086086227827,9
tucker_frozen,dynamic_random_16,log_loss,1.9830311555135793,0.673312396998429,9
tucker_frozen,random_static_6,balanced_accuracy,0.31911465078131745,0.05407843527574694,9
tucker_frozen,random_static_6,log_loss,2.4176054475449567,0.3800787041414236,9
tucker_frozen,dynamic_random_6,balanced_accuracy,0.31901188317854984,0.06634846164708885,9
tucker_frozen,dynamic_random_6,log_loss,2.3043150137586634,0.3785156001468537,9
tucker_learned,full_22,balanced_accuracy,0.648650115316782,0.1643985382356793,9
tucker_learned,full_22,log_loss,0.9927471111283056,0.4105249642155955,9
tucker_learned,random_static_16,balanced_accuracy,0.4139919956586623,0.0979828387148415,9
tucker_learned,random_static_16,log_loss,1.9495580094938145,0.5938485896432579,9
tucker_learned,dynamic_random_16,balanced_accuracy,0.423351401684735,0.10894477206121161,9
tucker_learned,dynamic_random_16,log_loss,1.9281366955356012,0.6500518133596294,9
tucker_learned,random_static_6,balanced_accuracy,0.34434161517494855,0.062125928356193204,9
tucker_learned,random_static_6,log_loss,2.23191157146105,0.4467928711803347,9
tucker_learned,dynamic_random_6,balanced_accuracy,0.35643128476461805,0.08485744847951202,9
tucker_learned,dynamic_random_6,log_loss,2.0870866372416104,0.44140102239323753,9
