subject,contrast,gain,seeds,seed_std
1,primary_tucker_learned_minus_tucker_frozen,0.005128205128205114,3,0.0023741184680738784
2,primary_tucker_learned_minus_tucker_frozen,0.005036630036630037,3,0.0035614352532289486
3,primary_tucker_learned_minus_tucker_frozen,0.08750000000000002,3,0.0290956526474095
4,primary_tucker_learned_minus_tucker_frozen,0.0202991452991453,3,0.0154546146877623
5,primary_tucker_learned_minus_tucker_frozen,0.00929487179487179,3,0.0032686022523030723
6,primary_tucker_learned_minus_tucker_frozen,0.03738636363636364,3,0.015508206749460815
7,primary_tucker_learned_minus_tucker_frozen,0.015041208791208788,3,0.011882860595024346
8,primary_tucker_learned_minus_tucker_frozen,0.017605311355311338,3,0.010560756240971586
9,primary_tucker_learned_minus_tucker_frozen,0.022435897435897426,3,0.008104118918925917
1,secondary_tucker_learned_minus_covariance_frozen,-0.19793956043956049,3,0.019052103717967315
2,secondary_tucker_learned_minus_covariance_frozen,-0.1140567765567766,3,0.021923749190227444
3,secondary_tucker_learned_minus_covariance_frozen,-0.13543956043956037,3,0.007643297888767078
4,secondary_tucker_learned_minus_covariance_frozen,-0.011672008547008542,3,0.044712894653124155
5,secondary_tucker_learned_minus_covariance_frozen,-0.08685897435897434,3,0.023894870281558716
6,secondary_tucker_learned_minus_covariance_frozen,-0.003295454545454553,3,0.02699049036694098
7,secondary_tucker_learned_minus_covariance_frozen,-0.1014423076923077,3,0.022332590897378445
8,secondary_tucker_learned_minus_covariance_frozen,-0.19610805860805858,3,0.024824430637282895
9,secondary_tucker_learned_minus_covariance_frozen,-0.15369075369075366,3,0.025173848799482472
1,secondary_tucker_learned_minus_covariance_learned,-0.31227106227106227,3,0.043162637372740384
2,secondary_tucker_learned_minus_covariance_learned,-0.16675824175824175,3,0.05168417163496852
3,secondary_tucker_learned_minus_covariance_learned,-0.1836309523809523,3,0.004831291287516934
4,secondary_tucker_learned_minus_covariance_learned,-0.02598824786324787,3,0.027238587818014217
5,secondary_tucker_learned_minus_covariance_learned,-0.12499999999999999,3,0.03224620216770698
6,secondary_tucker_learned_minus_covariance_learned,-0.02545454545454545,3,0.029405847322417206
7,secondary_tucker_learned_minus_covariance_learned,-0.25105311355311355,3,0.04744457020085186
8,secondary_tucker_learned_minus_covariance_learned,-0.25613553113553117,3,0.03197208622305845
9,secondary_tucker_learned_minus_covariance_learned,-0.22596882284382283,3,0.03170750787261134
1,secondary_covariance_learned_minus_covariance_frozen,0.1143315018315018,3,0.034881516155839044
2,secondary_covariance_learned_minus_covariance_frozen,0.05270146520146516,3,0.03254684589855301
3,secondary_covariance_learned_minus_covariance_frozen,0.048191391941391964,3,0.003306862652979458
4,secondary_covariance_learned_minus_covariance_frozen,0.01431623931623933,3,0.01901334232656265
5,secondary_covariance_learned_minus_covariance_frozen,0.03814102564102564,3,0.01807987791816724
6,secondary_covariance_learned_minus_covariance_frozen,0.022159090909090896,3,0.005905447594786181
7,secondary_covariance_learned_minus_covariance_frozen,0.14961080586080588,3,0.02539180542264631
8,secondary_covariance_learned_minus_covariance_frozen,0.06002747252747257,3,0.011929347324023438
9,secondary_covariance_learned_minus_covariance_frozen,0.0722780691530692,3,0.02660204305624352
1,secondary_tucker_learned_minus_zero,0.0277014652014652,3,0.024869487686123803
2,secondary_tucker_learned_minus_zero,0.02243589743589744,3,0.013112716952591677
3,secondary_tucker_learned_minus_zero,0.09267399267399272,3,0.015843053251784363
4,secondary_tucker_learned_minus_zero,0.01915064102564104,3,0.025849595764622504
5,secondary_tucker_learned_minus_zero,0.035256410256410256,3,0.024278713928725153
6,secondary_tucker_learned_minus_zero,0.03749999999999999,3,0.008749262070418257
7,secondary_tucker_learned_minus_zero,0.015407509157509153,3,0.009898108876917718
8,secondary_tucker_learned_minus_zero,0.08173076923076922,3,0.017960482193457458
9,secondary_tucker_learned_minus_zero,0.05348921911421911,3,0.011396649853774051
