subject,strategy,condition,metric,value,seeds,seed_std
1,zero,full_22,balanced_accuracy,0.8305860805860806,3,0.03892210721127003
2,zero,full_22,balanced_accuracy,0.564102564102564,3,0.024631827209364035
3,zero,full_22,balanced_accuracy,0.7989926739926739,3,0.0239849832485509
4,zero,full_22,balanced_accuracy,0.40811965811965817,3,0.017424686357158208
5,zero,full_22,balanced_accuracy,0.5128205128205128,3,0.01813094310734736
6,zero,full_22,balanced_accuracy,0.425,3,0.06452304348444722
7,zero,full_22,balanced_accuracy,0.6753663003663003,3,0.05280080335210944
8,zero,full_22,balanced_accuracy,0.798076923076923,3,0.024750699179010224
9,zero,full_22,balanced_accuracy,0.8247863247863249,3,0.0472205301936102
1,zero,full_22,log_loss,0.5796985336956834,3,0.11174116835004644
2,zero,full_22,log_loss,1.292422176233767,3,0.12453063166350198
3,zero,full_22,log_loss,0.6081664541864137,3,0.034533334084464136
4,zero,full_22,log_loss,1.423474571836203,3,0.16718580554454035
5,zero,full_22,log_loss,1.3436929245799052,3,0.0843894887813093
6,zero,full_22,log_loss,1.685212185068736,3,0.14621586188228908
7,zero,full_22,log_loss,0.689583368098138,3,0.12438010860938115
8,zero,full_22,log_loss,0.6868691142856721,3,0.10025754070119261
9,zero,full_22,log_loss,0.6256046721702311,3,0.08789006114891124
1,zero,random_static_16,balanced_accuracy,0.42454212454212453,3,0.04872397302255296
2,zero,random_static_16,balanced_accuracy,0.3063186813186813,3,0.020222965189512467
3,zero,random_static_16,balanced_accuracy,0.5039377289377289,3,0.0257611003260326
4,zero,random_static_16,balanced_accuracy,0.30747863247863244,3,0.012996477604581157
5,zero,random_static_16,balanced_accuracy,0.33205128205128204,3,0.01892926033363254
6,zero,random_static_16,balanced_accuracy,0.301969696969697,3,0.025911305948200104
7,zero,random_static_16,balanced_accuracy,0.2801282051282052,3,0.02041159285007123
8,zero,random_static_16,balanced_accuracy,0.3618131868131868,3,0.02865320081875259
9,zero,random_static_16,balanced_accuracy,0.4720959595959595,3,0.050150827694628704
1,zero,random_static_16,log_loss,2.2219504254232447,3,0.42777086047747903
2,zero,random_static_16,log_loss,2.473099504381103,3,0.46127939455868694
3,zero,random_static_16,log_loss,1.5397617476417338,3,0.1749891484862085
4,zero,random_static_16,log_loss,1.6494439786955486,3,0.2421326826958675
5,zero,random_static_16,log_loss,1.948155531076732,3,0.06292402982244803
6,zero,random_static_16,log_loss,1.9499071175316713,3,0.2620110541230333
7,zero,random_static_16,log_loss,3.570659530942995,3,0.6677827930378724
8,zero,random_static_16,log_loss,2.8350964569192763,3,0.47584410247051534
9,zero,random_static_16,log_loss,1.8552632711485864,3,0.2670168463792357
1,zero,dynamic_random_16,balanced_accuracy,0.4163003663003663,3,0.06479220861285248
2,zero,dynamic_random_16,balanced_accuracy,0.30998168498168494,3,0.02167874687618989
3,zero,dynamic_random_16,balanced_accuracy,0.53003663003663,3,0.021363116587679684
4,zero,dynamic_random_16,balanced_accuracy,0.3088675213675214,3,0.02465565690052263
5,zero,dynamic_random_16,balanced_accuracy,0.3243589743589744,3,0.00181309431073477
6,zero,dynamic_random_16,balanced_accuracy,0.3336363636363637,3,0.036755464727409225
7,zero,dynamic_random_16,balanced_accuracy,0.2641025641025641,3,0.009593993299420372
8,zero,dynamic_random_16,balanced_accuracy,0.35998168498168504,3,0.007393235491552945
9,zero,dynamic_random_16,balanced_accuracy,0.464520202020202,3,0.07109445786340617
1,zero,dynamic_random_16,log_loss,2.3152169258179267,3,0.4704484961155295
2,zero,dynamic_random_16,log_loss,2.430652530429605,3,0.5316463926100703
3,zero,dynamic_random_16,log_loss,1.449297033093046,3,0.07318926993581619
4,zero,dynamic_random_16,log_loss,1.6101104638664205,3,0.2511336916867962
5,zero,dynamic_random_16,log_loss,2.0134769614615107,3,0.009555108794637198
6,zero,dynamic_random_16,log_loss,1.8733069503351043,3,0.23270740228696066
7,zero,dynamic_random_16,log_loss,3.7239418221750875,3,0.6936241542238135
8,zero,dynamic_random_16,log_loss,2.8415100957088626,3,0.2666918646280701
9,zero,dynamic_random_16,log_loss,1.8411052626756124,3,0.35446739625338264
1,zero,random_static_6,balanced_accuracy,0.3386446886446886,3,0.01256415596054396
2,zero,random_static_6,balanced_accuracy,0.27362637362637365,3,0.006216323351090519
3,zero,random_static_6,balanced_accuracy,0.3595238095238095,3,0.01794825072278178
4,zero,random_static_6,balanced_accuracy,0.2603632478632479,3,0.013907778082163287
5,zero,random_static_6,balanced_accuracy,0.2884615384615385,3,0.006280742930213278
6,zero,random_static_6,balanced_accuracy,0.2571212121212121,3,0.016515846524158228
7,zero,random_static_6,balanced_accuracy,0.28571428571428575,3,0.0031162453346471864
8,zero,random_static_6,balanced_accuracy,0.3313186813186813,3,0.01685628558742089
9,zero,random_static_6,balanced_accuracy,0.43356643356643354,3,0.038444324336407015
1,zero,random_static_6,log_loss,2.6794299807465087,3,0.3568324974256449
2,zero,random_static_6,log_loss,2.6165819130414083,3,0.4397065265108266
3,zero,random_static_6,log_loss,2.3359575946079687,3,0.18092369342352033
4,zero,random_static_6,log_loss,1.921042712931231,3,0.23733063720590472
5,zero,random_static_6,log_loss,2.1388697958433087,3,0.03133105309807994
6,zero,random_static_6,log_loss,2.2012905083036696,3,0.291952197677045
7,zero,random_static_6,log_loss,3.3431471679794567,3,0.5238967059953199
8,zero,random_static_6,log_loss,2.9182536619928876,3,0.30843426460396517
9,zero,random_static_6,log_loss,1.9943640275337209,3,0.2372360964498202
1,zero,dynamic_random_6,balanced_accuracy,0.3826007326007326,3,0.0191420419564874
2,zero,dynamic_random_6,balanced_accuracy,0.2553113553113553,3,0.0093738188976331
3,zero,dynamic_random_6,balanced_accuracy,0.358974358974359,3,0.041778319188535626
4,zero,dynamic_random_6,balanced_accuracy,0.25235042735042734,3,0.015562392833806516
5,zero,dynamic_random_6,balanced_accuracy,0.27692307692307694,3,0.008308641921035689
6,zero,dynamic_random_6,balanced_accuracy,0.22515151515151519,3,0.009565875222827055
7,zero,dynamic_random_6,balanced_accuracy,0.2847985347985348,3,0.01828706658261579
8,zero,dynamic_random_6,balanced_accuracy,0.38653846153846155,3,0.026420326480389195
9,zero,dynamic_random_6,balanced_accuracy,0.4485528360528361,3,0.02781497623399751
1,zero,dynamic_random_6,log_loss,2.338879185821995,3,0.18472411343598596
2,zero,dynamic_random_6,log_loss,2.5781846630388188,3,0.3864170891743452
3,zero,dynamic_random_6,log_loss,2.1790206254237163,3,0.18393401039340165
4,zero,dynamic_random_6,log_loss,1.8977943009541522,3,0.20867046515397158
5,zero,dynamic_random_6,log_loss,2.1331441428043183,3,0.06580731155921354
6,zero,dynamic_random_6,log_loss,2.1582611994922583,3,0.28015291345175003
7,zero,dynamic_random_6,log_loss,3.346871278823641,3,0.5476216901906071
8,zero,dynamic_random_6,log_loss,2.5799578816776054,3,0.301417424905237
9,zero,dynamic_random_6,log_loss,1.902883386847274,3,0.18842852447720163
1,covariance_frozen,full_22,balanced_accuracy,0.8305860805860806,3,0.03892210721127003
2,covariance_frozen,full_22,balanced_accuracy,0.564102564102564,3,0.024631827209364035
3,covariance_frozen,full_22,balanced_accuracy,0.7989926739926739,3,0.0239849832485509
4,covariance_frozen,full_22,balanced_accuracy,0.40811965811965817,3,0.017424686357158208
5,covariance_frozen,full_22,balanced_accuracy,0.5128205128205128,3,0.01813094310734736
6,covariance_frozen,full_22,balanced_accuracy,0.425,3,0.06452304348444722
7,covariance_frozen,full_22,balanced_accuracy,0.6753663003663003,3,0.05280080335210944
8,covariance_frozen,full_22,balanced_accuracy,0.798076923076923,3,0.024750699179010224
9,covariance_frozen,full_22,balanced_accuracy,0.8247863247863249,3,0.0472205301936102
1,covariance_frozen,full_22,log_loss,0.5796985336956834,3,0.11174116835004644
2,covariance_frozen,full_22,log_loss,1.292422176233767,3,0.12453063166350198
3,covariance_frozen,full_22,log_loss,0.6081664541864137,3,0.034533334084464136
4,covariance_frozen,full_22,log_loss,1.423474571836203,3,0.16718580554454035
5,covariance_frozen,full_22,log_loss,1.3436929245799052,3,0.0843894887813093
6,covariance_frozen,full_22,log_loss,1.685212185068736,3,0.14621586188228908
7,covariance_frozen,full_22,log_loss,0.689583368098138,3,0.12438010860938115
8,covariance_frozen,full_22,log_loss,0.6868691142856721,3,0.10025754070119261
9,covariance_frozen,full_22,log_loss,0.6256046721702311,3,0.08789006114891124
1,covariance_frozen,random_static_16,balanced_accuracy,0.7727106227106227,3,0.03520511467514647
2,covariance_frozen,random_static_16,balanced_accuracy,0.4905677655677656,3,0.018176675313336912
3,covariance_frozen,random_static_16,balanced_accuracy,0.7542124542124542,3,0.027407738010139668
4,covariance_frozen,random_static_16,balanced_accuracy,0.33386752136752135,3,0.027085809239649896
5,covariance_frozen,random_static_16,balanced_accuracy,0.47179487179487173,3,0.0018130943107347308
6,covariance_frozen,random_static_16,balanced_accuracy,0.3251515151515152,3,0.06750811943140153
7,covariance_frozen,random_static_16,balanced_accuracy,0.5127289377289377,3,0.05136815769473691
8,covariance_frozen,random_static_16,balanced_accuracy,0.7663003663003662,3,0.023713882293861413
9,covariance_frozen,random_static_16,balanced_accuracy,0.7803418803418803,3,0.06568679822147523
1,covariance_frozen,random_static_16,log_loss,0.6432538211543518,3,0.12210505076138554
2,covariance_frozen,random_static_16,log_loss,1.3444286112605865,3,0.09907587914793184
3,covariance_frozen,random_static_16,log_loss,0.6252933730157476,3,0.052466973664746126
4,covariance_frozen,random_static_16,log_loss,1.4578002798405814,3,0.18151912267030246
5,covariance_frozen,random_static_16,log_loss,1.3749915464824258,3,0.07626105706289019
6,covariance_frozen,random_static_16,log_loss,1.7577159306172845,3,0.17984665838324576
7,covariance_frozen,random_static_16,log_loss,1.2785724499896285,3,0.17294121543176638
8,covariance_frozen,random_static_16,log_loss,0.7170343154026247,3,0.1001417091969271
9,covariance_frozen,random_static_16,log_loss,0.6527011128786046,3,0.11443363098511011
1,covariance_frozen,dynamic_random_16,balanced_accuracy,0.7832417582417582,3,0.035345375598777436
2,covariance_frozen,dynamic_random_16,balanced_accuracy,0.50485347985348,3,0.016684267967027086
3,covariance_frozen,dynamic_random_16,balanced_accuracy,0.7565934065934066,3,0.014880881938407515
4,covariance_frozen,dynamic_random_16,balanced_accuracy,0.3215811965811966,3,0.021260952195187227
5,covariance_frozen,dynamic_random_16,balanced_accuracy,0.47179487179487173,3,0.02849501380883699
6,covariance_frozen,dynamic_random_16,balanced_accuracy,0.35666666666666663,3,0.05048570336501999
7,covariance_frozen,dynamic_random_16,balanced_accuracy,0.5331501831501831,3,0.04919415283152986
8,covariance_frozen,dynamic_random_16,balanced_accuracy,0.7705128205128204,3,0.024368956064431603
9,covariance_frozen,dynamic_random_16,balanced_accuracy,0.7829059829059828,3,0.05051939123099086
1,covariance_frozen,dynamic_random_16,log_loss,0.6135007656788326,3,0.10943020485035279
2,covariance_frozen,dynamic_random_16,log_loss,1.3350779492621074,3,0.13929031523243898
3,covariance_frozen,dynamic_random_16,log_loss,0.6306490742191136,3,0.0418044893445916
4,covariance_frozen,dynamic_random_16,log_loss,1.4635864598698138,3,0.18587303885408069
5,covariance_frozen,dynamic_random_16,log_loss,1.381523162428027,3,0.08727831101134702
6,covariance_frozen,dynamic_random_16,log_loss,1.75609671038805,3,0.1747307997216458
7,covariance_frozen,dynamic_random_16,log_loss,1.176398031947235,3,0.17686594712594297
8,covariance_frozen,dynamic_random_16,log_loss,0.7197442182993941,3,0.11173139234483186
9,covariance_frozen,dynamic_random_16,log_loss,0.6501962519727076,3,0.09843622372857654
1,covariance_frozen,random_static_6,balanced_accuracy,0.461080586080586,3,0.04008625761050466
2,covariance_frozen,random_static_6,balanced_accuracy,0.34441391941391947,3,0.019147298352547068
3,covariance_frozen,random_static_6,balanced_accuracy,0.5673992673992674,3,0.021795641319871405
4,covariance_frozen,random_static_6,balanced_accuracy,0.2982905982905983,3,0.024876879234777133
5,covariance_frozen,random_static_6,balanced_accuracy,0.3820512820512821,3,0.020909623628589877
6,covariance_frozen,random_static_6,balanced_accuracy,0.30303030303030304,3,0.046745800673690725
7,covariance_frozen,random_static_6,balanced_accuracy,0.27875457875457876,3,0.015257080839582224
8,covariance_frozen,random_static_6,balanced_accuracy,0.5033882783882784,3,0.02490000665760543
9,covariance_frozen,random_static_6,balanced_accuracy,0.543618881118881,3,0.03428449343525148
1,covariance_frozen,random_static_6,log_loss,1.9420504867824686,3,0.22911194674972737
2,covariance_frozen,random_static_6,log_loss,1.9078944519661345,3,0.17357670205028927
3,covariance_frozen,random_static_6,log_loss,1.270145229626291,3,0.10277171196679079
4,covariance_frozen,random_static_6,log_loss,1.6339055628582841,3,0.24243840463297447
5,covariance_frozen,random_static_6,log_loss,1.531735863246886,3,0.1083919215609401
6,covariance_frozen,random_static_6,log_loss,2.0084330764144225,3,0.3767757734353265
7,covariance_frozen,random_static_6,log_loss,3.2213857653984856,3,0.3412760641496314
8,covariance_frozen,random_static_6,log_loss,1.6974996704496432,3,0.2442638790680439
9,covariance_frozen,random_static_6,log_loss,1.4792519347107842,3,0.24209631236554635
1,covariance_frozen,dynamic_random_6,balanced_accuracy,0.44761904761904764,3,0.0508344872884675
2,covariance_frozen,dynamic_random_6,balanced_accuracy,0.3513736263736264,3,0.010998164685716072
3,covariance_frozen,dynamic_random_6,balanced_accuracy,0.5867216117216116,3,0.005645067768286588
4,covariance_frozen,dynamic_random_6,balanced_accuracy,0.2986111111111111,3,0.039541751519496474
5,covariance_frozen,dynamic_random_6,balanced_accuracy,0.3846153846153846,3,0.025705048276619773
6,covariance_frozen,dynamic_random_6,balanced_accuracy,0.2962121212121212,3,0.014129143305302747
7,covariance_frozen,dynamic_random_6,balanced_accuracy,0.25750915750915754,3,0.02038816124553224
8,covariance_frozen,dynamic_random_6,balanced_accuracy,0.5108058608058608,3,0.07272019479164245
9,covariance_frozen,dynamic_random_6,balanced_accuracy,0.5405885780885781,3,0.03861683113428711
1,covariance_frozen,dynamic_random_6,log_loss,1.9887175679869802,3,0.21538405105898692
2,covariance_frozen,dynamic_random_6,log_loss,1.84042367677024,3,0.17513716355052633
3,covariance_frozen,dynamic_random_6,log_loss,1.1768921212275372,3,0.03870005357506044
4,covariance_frozen,dynamic_random_6,log_loss,1.6487202081487833,3,0.26024709047103817
5,covariance_frozen,dynamic_random_6,log_loss,1.562264643528269,3,0.08101393282870333
6,covariance_frozen,dynamic_random_6,log_loss,2.023050818192891,3,0.38358045552448056
7,covariance_frozen,dynamic_random_6,log_loss,3.2565440458811454,3,0.3621501525786709
8,covariance_frozen,dynamic_random_6,log_loss,1.610987643287254,3,0.28395260988235876
9,covariance_frozen,dynamic_random_6,log_loss,1.3667393906819088,3,0.13914676119547542
1,covariance_learned,full_22,balanced_accuracy,0.8305860805860806,3,0.03892210721127003
2,covariance_learned,full_22,balanced_accuracy,0.564102564102564,3,0.024631827209364035
3,covariance_learned,full_22,balanced_accuracy,0.7989926739926739,3,0.0239849832485509
4,covariance_learned,full_22,balanced_accuracy,0.40811965811965817,3,0.017424686357158208
5,covariance_learned,full_22,balanced_accuracy,0.5128205128205128,3,0.01813094310734736
6,covariance_learned,full_22,balanced_accuracy,0.425,3,0.06452304348444722
7,covariance_learned,full_22,balanced_accuracy,0.6753663003663003,3,0.05280080335210944
8,covariance_learned,full_22,balanced_accuracy,0.798076923076923,3,0.024750699179010224
9,covariance_learned,full_22,balanced_accuracy,0.8247863247863249,3,0.0472205301936102
1,covariance_learned,full_22,log_loss,0.5796985336956834,3,0.11174116835004644
2,covariance_learned,full_22,log_loss,1.292422176233767,3,0.12453063166350198
3,covariance_learned,full_22,log_loss,0.6081664541864137,3,0.034533334084464136
4,covariance_learned,full_22,log_loss,1.423474571836203,3,0.16718580554454035
5,covariance_learned,full_22,log_loss,1.3436929245799052,3,0.0843894887813093
6,covariance_learned,full_22,log_loss,1.685212185068736,3,0.14621586188228908
7,covariance_learned,full_22,log_loss,0.689583368098138,3,0.12438010860938115
8,covariance_learned,full_22,log_loss,0.6868691142856721,3,0.10025754070119261
9,covariance_learned,full_22,log_loss,0.6256046721702311,3,0.08789006114891124
1,covariance_learned,random_static_16,balanced_accuracy,0.7749999999999999,3,0.05411320858232782
2,covariance_learned,random_static_16,balanced_accuracy,0.5054029304029304,3,0.03386619730640337
3,covariance_learned,random_static_16,balanced_accuracy,0.7470695970695971,3,0.016631408182778785
4,covariance_learned,random_static_16,balanced_accuracy,0.3443376068376069,3,0.025555859272699984
5,covariance_learned,random_static_16,balanced_accuracy,0.4679487179487179,3,0.0018130943107347178
6,covariance_learned,random_static_16,balanced_accuracy,0.34409090909090906,3,0.06356272795966934
7,covariance_learned,random_static_16,balanced_accuracy,0.6134615384615385,3,0.08390687387020909
8,covariance_learned,random_static_16,balanced_accuracy,0.7775641025641026,3,0.02617093715176187
9,covariance_learned,random_static_16,balanced_accuracy,0.7895784770784772,3,0.05124622572814132
1,covariance_learned,random_static_16,log_loss,0.5887253210323351,3,0.10105466257756639
2,covariance_learned,random_static_16,log_loss,1.313806280314026,3,0.12383311596396429
3,covariance_learned,random_static_16,log_loss,0.642289932283492,3,0.033784686229188364
4,covariance_learned,random_static_16,log_loss,1.4572404904948533,3,0.18176098659776035
5,covariance_learned,random_static_16,log_loss,1.3538495580560876,3,0.05389616118235808
6,covariance_learned,random_static_16,log_loss,1.7077227947199194,3,0.14631879337070142
7,covariance_learned,random_static_16,log_loss,0.7812688929802413,3,0.14195683690334804
8,covariance_learned,random_static_16,log_loss,0.7124649451461779,3,0.1203782235124103
9,covariance_learned,random_static_16,log_loss,0.6421967803360662,3,0.09657498068849445
1,covariance_learned,dynamic_random_16,balanced_accuracy,0.7808608058608059,3,0.04558140409303966
2,covariance_learned,dynamic_random_16,balanced_accuracy,0.5187728937728937,3,0.03185260242227939
3,covariance_learned,dynamic_random_16,balanced_accuracy,0.7584249084249084,3,0.004598856970509066
4,covariance_learned,dynamic_random_16,balanced_accuracy,0.33055555555555555,3,0.016004972426627
5,covariance_learned,dynamic_random_16,balanced_accuracy,0.48333333333333334,3,0.018929260333632566
6,covariance_learned,dynamic_random_16,balanced_accuracy,0.368030303030303,3,0.047174042293398576
7,covariance_learned,dynamic_random_16,balanced_accuracy,0.6041208791208791,3,0.06694997264147637
8,covariance_learned,dynamic_random_16,balanced_accuracy,0.7652930402930403,3,0.020020836735290547
9,covariance_learned,dynamic_random_16,balanced_accuracy,0.7916666666666666,3,0.05565552314183296
1,covariance_learned,dynamic_random_16,log_loss,0.5789362114044302,3,0.10502112434748265
2,covariance_learned,dynamic_random_16,log_loss,1.3176350424923802,3,0.13402576224489973
3,covariance_learned,dynamic_random_16,log_loss,0.6377677832073068,3,0.024197890222903896
4,covariance_learned,dynamic_random_16,log_loss,1.4619858547040536,3,0.18439778618169841
5,covariance_learned,dynamic_random_16,log_loss,1.36221927135111,3,0.06263727080328305
6,covariance_learned,dynamic_random_16,log_loss,1.7044215548153785,3,0.13579625769241513
7,covariance_learned,dynamic_random_16,log_loss,0.7965284324142777,3,0.11156523816027065
8,covariance_learned,dynamic_random_16,log_loss,0.7398520488539903,3,0.12169056916803972
9,covariance_learned,dynamic_random_16,log_loss,0.6415500242930167,3,0.09913902630256767
1,covariance_learned,random_static_6,balanced_accuracy,0.669047619047619,3,0.037321091244161955
2,covariance_learned,random_static_6,balanced_accuracy,0.4166666666666667,3,0.05607103298597758
3,covariance_learned,random_static_6,balanced_accuracy,0.6673076923076923,3,0.019966310231435875
4,covariance_learned,random_static_6,balanced_accuracy,0.32051282051282054,3,0.011926637644949096
5,covariance_learned,random_static_6,balanced_accuracy,0.4628205128205128,3,0.010094881889758722
6,covariance_learned,random_static_6,balanced_accuracy,0.33409090909090905,3,0.03243769191464322
7,covariance_learned,random_static_6,balanced_accuracy,0.47582417582417574,3,0.031583451210587025
8,covariance_learned,random_static_6,balanced_accuracy,0.6238095238095238,3,0.04703412953728624
9,covariance_learned,random_static_6,balanced_accuracy,0.6600330225330225,3,0.06236010933363238
1,covariance_learned,random_static_6,log_loss,0.8940563158190103,3,0.12382125031022406
2,covariance_learned,random_static_6,log_loss,1.5606113538225757,3,0.08559960874360235
3,covariance_learned,random_static_6,log_loss,0.8975092675763988,3,0.04528930642663501
4,covariance_learned,random_static_6,log_loss,1.5692777853232158,3,0.15689463346978486
5,covariance_learned,random_static_6,log_loss,1.4189382549690224,3,0.067438194771199
6,covariance_learned,random_static_6,log_loss,1.775037823284385,3,0.20164655825253694
7,covariance_learned,random_static_6,log_loss,1.4867817610358622,3,0.11093697051203877
8,covariance_learned,random_static_6,log_loss,1.1116855576371785,3,0.20896371508737327
9,covariance_learned,random_static_6,log_loss,0.9585711736586541,3,0.11737278869124115
1,covariance_learned,dynamic_random_6,balanced_accuracy,0.6970695970695969,3,0.02617574318569344
2,covariance_learned,dynamic_random_6,balanced_accuracy,0.46117216117216114,3,0.058703562296746635
3,covariance_learned,dynamic_random_6,balanced_accuracy,0.6848901098901098,3,0.010133850409567678
4,covariance_learned,dynamic_random_6,balanced_accuracy,0.3142094017094017,3,0.020473274736833167
5,covariance_learned,dynamic_random_6,balanced_accuracy,0.44871794871794873,3,0.006537204504606111
6,covariance_learned,dynamic_random_6,balanced_accuracy,0.3234848484848485,3,0.0392462265620175
7,covariance_learned,dynamic_random_6,balanced_accuracy,0.4871794871794872,3,0.06155903524044702
8,covariance_learned,dynamic_random_6,balanced_accuracy,0.6244505494505493,3,0.059726058205279986
9,covariance_learned,dynamic_random_6,balanced_accuracy,0.6952894327894329,3,0.0754149254957368
1,covariance_learned,dynamic_random_6,log_loss,0.8159845763324927,3,0.1264689069142036
2,covariance_learned,dynamic_random_6,log_loss,1.4688087454317535,3,0.15395598472029717
3,covariance_learned,dynamic_random_6,log_loss,0.8358556727508186,3,0.04057276512983556
4,covariance_learned,dynamic_random_6,log_loss,1.5744167798756792,3,0.16140881143480648
5,covariance_learned,dynamic_random_6,log_loss,1.4348211609742467,3,0.039091893116786125
6,covariance_learned,dynamic_random_6,log_loss,1.7791691655995165,3,0.2003359956140213
7,covariance_learned,dynamic_random_6,log_loss,1.4493435157813088,3,0.033315745722921744
8,covariance_learned,dynamic_random_6,log_loss,1.0250025783509074,3,0.22140970758017825
9,covariance_learned,dynamic_random_6,log_loss,0.8559347821308902,3,0.19629467429662836
1,tucker_frozen,full_22,balanced_accuracy,0.8305860805860806,3,0.03892210721127003
2,tucker_frozen,full_22,balanced_accuracy,0.564102564102564,3,0.024631827209364035
3,tucker_frozen,full_22,balanced_accuracy,0.7989926739926739,3,0.0239849832485509
4,tucker_frozen,full_22,balanced_accuracy,0.40811965811965817,3,0.017424686357158208
5,tucker_frozen,full_22,balanced_accuracy,0.5128205128205128,3,0.01813094310734736
6,tucker_frozen,full_22,balanced_accuracy,0.425,3,0.06452304348444722
7,tucker_frozen,full_22,balanced_accuracy,0.6753663003663003,3,0.05280080335210944
8,tucker_frozen,full_22,balanced_accuracy,0.798076923076923,3,0.024750699179010224
9,tucker_frozen,full_22,balanced_accuracy,0.8247863247863249,3,0.0472205301936102
1,tucker_frozen,full_22,log_loss,0.5796985336956834,3,0.11174116835004644
2,tucker_frozen,full_22,log_loss,1.292422176233767,3,0.12453063166350198
3,tucker_frozen,full_22,log_loss,0.6081664541864137,3,0.034533334084464136
4,tucker_frozen,full_22,log_loss,1.423474571836203,3,0.16718580554454035
5,tucker_frozen,full_22,log_loss,1.3436929245799052,3,0.0843894887813093
6,tucker_frozen,full_22,log_loss,1.685212185068736,3,0.14621586188228908
7,tucker_frozen,full_22,log_loss,0.689583368098138,3,0.12438010860938115
8,tucker_frozen,full_22,log_loss,0.6868691142856721,3,0.10025754070119261
9,tucker_frozen,full_22,log_loss,0.6256046721702311,3,0.08789006114891124
1,tucker_frozen,random_static_16,balanced_accuracy,0.4617216117216117,3,0.015007701958936288
2,tucker_frozen,random_static_16,balanced_accuracy,0.31684981684981683,3,0.005893623776448389
3,tucker_frozen,random_static_16,balanced_accuracy,0.5278388278388277,3,0.007752035690501228
4,tucker_frozen,random_static_16,balanced_accuracy,0.31923076923076926,3,0.028599371725902843
5,tucker_frozen,random_static_16,balanced_accuracy,0.37051282051282053,3,0.030500967316334154
6,tucker_frozen,random_static_16,balanced_accuracy,0.31439393939393934,3,0.05445994981697974
7,tucker_frozen,random_static_16,balanced_accuracy,0.2777472527472527,3,0.019180992617708493
8,tucker_frozen,random_static_16,balanced_accuracy,0.4662087912087913,3,0.011670705622277252
9,tucker_frozen,random_static_16,balanced_accuracy,0.5351689976689976,3,0.05919198982367523
1,tucker_frozen,random_static_16,log_loss,1.9446159476982345,3,0.3120456624817809
2,tucker_frozen,random_static_16,log_loss,2.3507463565721847,3,0.44100568108606775
3,tucker_frozen,random_static_16,log_loss,1.4310600751897287,3,0.11390864920107016
4,tucker_frozen,random_static_16,log_loss,1.6200673101059284,3,0.20157597167149427
5,tucker_frozen,random_static_16,log_loss,1.8436381586003785,3,0.09516413256149293
6,tucker_frozen,random_static_16,log_loss,1.88738468036354,3,0.2093832794383301
7,tucker_frozen,random_static_16,log_loss,3.5168047230920756,3,0.6533350846837067
8,tucker_frozen,random_static_16,log_loss,2.099391762336261,3,0.3245640170828171
9,tucker_frozen,random_static_16,log_loss,1.3864867097331877,3,0.10645739238312797
1,tucker_frozen,dynamic_random_16,balanced_accuracy,0.4605311355311355,3,0.053904680261237126
2,tucker_frozen,dynamic_random_16,balanced_accuracy,0.33736263736263733,3,0.003116245334647201
3,tucker_frozen,dynamic_random_16,balanced_accuracy,0.5714285714285714,3,0.013033294413668272
4,tucker_frozen,dynamic_random_16,balanced_accuracy,0.3041666666666667,3,0.016091744010217745
5,tucker_frozen,dynamic_random_16,balanced_accuracy,0.3564102564102564,3,0.023778508962809492
6,tucker_frozen,dynamic_random_16,balanced_accuracy,0.31530303030303025,3,0.058410220874971795
7,tucker_frozen,dynamic_random_16,balanced_accuracy,0.26675824175824175,3,0.00969226200848089
8,tucker_frozen,dynamic_random_16,balanced_accuracy,0.47985347985347987,3,0.023920914413666727
9,tucker_frozen,dynamic_random_16,balanced_accuracy,0.5395104895104895,3,0.06276590351887845
1,tucker_frozen,dynamic_random_16,log_loss,2.0116236561904586,3,0.3638756704610375
2,tucker_frozen,dynamic_random_16,log_loss,2.3167190063318834,3,0.46198347239069665
3,tucker_frozen,dynamic_random_16,log_loss,1.239698071509025,3,0.03843822427161965
4,tucker_frozen,dynamic_random_16,log_loss,1.6081253526452546,3,0.23459533975305719
5,tucker_frozen,dynamic_random_16,log_loss,1.8622587184892554,3,0.07840861538795507
6,tucker_frozen,dynamic_random_16,log_loss,1.8623920710454245,3,0.1930054160549283
7,tucker_frozen,dynamic_random_16,log_loss,3.6514381586959614,3,0.6858436419210477
8,tucker_frozen,dynamic_random_16,log_loss,1.9917623865803222,3,0.23311499681098996
9,tucker_frozen,dynamic_random_16,log_loss,1.3032629781346268,3,0.14737032951939613
1,tucker_frozen,random_static_6,balanced_accuracy,0.35073260073260076,3,0.03808048636613884
2,tucker_frozen,random_static_6,balanced_accuracy,0.2853479853479854,3,0.0014245741012916004
3,tucker_frozen,random_static_6,balanced_accuracy,0.33946886446886443,3,0.03592522472290191
4,tucker_frozen,random_static_6,balanced_accuracy,0.2520299145299146,3,0.025131602625135308
5,tucker_frozen,random_static_6,balanced_accuracy,0.31025641025641026,3,0.03473389021575399
6,tucker_frozen,random_static_6,balanced_accuracy,0.2581818181818182,3,0.01899325674161467
7,tucker_frozen,random_static_6,balanced_accuracy,0.2861721611721612,3,0.004609784962876644
8,tucker_frozen,random_static_6,balanced_accuracy,0.3568681318681319,3,0.008961267269395673
9,tucker_frozen,random_static_6,balanced_accuracy,0.4329739704739705,3,0.032123359068572256
1,tucker_frozen,random_static_6,log_loss,2.564734208384223,3,0.3996454199394235
2,tucker_frozen,random_static_6,log_loss,2.545694409614464,3,0.43948175573255754
3,tucker_frozen,random_static_6,log_loss,2.4722092093761097,3,0.14870489903555398
4,tucker_frozen,random_static_6,log_loss,1.9793745440360906,3,0.27750782551475695
5,tucker_frozen,random_static_6,log_loss,2.0922160570582364,3,0.08155359326773733
6,tucker_frozen,random_static_6,log_loss,2.2792036129316284,3,0.2752684392004596
7,tucker_frozen,random_static_6,log_loss,3.2811679708902832,3,0.5138680295936885
8,tucker_frozen,random_static_6,log_loss,2.5492667283681087,3,0.1982982455965701
9,tucker_frozen,random_static_6,log_loss,1.9945822872454675,3,0.3625242313291476
1,tucker_frozen,dynamic_random_6,balanced_accuracy,0.3793956043956044,3,0.009327182693414843
2,tucker_frozen,dynamic_random_6,balanced_accuracy,0.27527472527472524,3,0.016921828125752183
3,tucker_frozen,dynamic_random_6,balanced_accuracy,0.3344322344322344,3,0.0499387446968804
4,tucker_frozen,dynamic_random_6,balanced_accuracy,0.24903846153846151,3,0.007984994419254196
5,tucker_frozen,dynamic_random_6,balanced_accuracy,0.2884615384615385,3,0.03539018908164682
6,tucker_frozen,dynamic_random_6,balanced_accuracy,0.23045454545454547,3,0.014970126358704941
7,tucker_frozen,dynamic_random_6,balanced_accuracy,0.2855311355311355,3,0.011682196781365927
8,tucker_frozen,dynamic_random_6,balanced_accuracy,0.3932234432234432,3,0.015122926998786087
9,tucker_frozen,dynamic_random_6,balanced_accuracy,0.4352952602952603,3,0.04275810592964045
1,tucker_frozen,dynamic_random_6,log_loss,2.2964199630183173,3,0.12244186490375066
2,tucker_frozen,dynamic_random_6,log_loss,2.4782334308574323,3,0.3998789891192292
3,tucker_frozen,dynamic_random_6,log_loss,2.264895713498178,3,0.21056076639937843
4,tucker_frozen,dynamic_random_6,log_loss,1.9770239072133808,3,0.27176848590285857
5,tucker_frozen,dynamic_random_6,log_loss,2.1619060167473276,3,0.09242724910569579
6,tucker_frozen,dynamic_random_6,log_loss,2.3062292657017656,3,0.33163495423157874
7,tucker_frozen,dynamic_random_6,log_loss,3.245159938413531,3,0.5382905792427758
8,tucker_frozen,dynamic_random_6,log_loss,2.185054952796424,3,0.16051913317634386
9,tucker_frozen,dynamic_random_6,log_loss,1.8239119355816156,3,0.3436439366494153
1,tucker_learned,full_22,balanced_accuracy,0.8305860805860806,3,0.03892210721127003
2,tucker_learned,full_22,balanced_accuracy,0.564102564102564,3,0.024631827209364035
3,tucker_learned,full_22,balanced_accuracy,0.7989926739926739,3,0.0239849832485509
4,tucker_learned,full_22,balanced_accuracy,0.40811965811965817,3,0.017424686357158208
5,tucker_learned,full_22,balanced_accuracy,0.5128205128205128,3,0.01813094310734736
6,tucker_learned,full_22,balanced_accuracy,0.425,3,0.06452304348444722
7,tucker_learned,full_22,balanced_accuracy,0.6753663003663003,3,0.05280080335210944
8,tucker_learned,full_22,balanced_accuracy,0.798076923076923,3,0.024750699179010224
9,tucker_learned,full_22,balanced_accuracy,0.8247863247863249,3,0.0472205301936102
1,tucker_learned,full_22,log_loss,0.5796985336956834,3,0.11174116835004644
2,tucker_learned,full_22,log_loss,1.292422176233767,3,0.12453063166350198
3,tucker_learned,full_22,log_loss,0.6081664541864137,3,0.034533334084464136
4,tucker_learned,full_22,log_loss,1.423474571836203,3,0.16718580554454035
5,tucker_learned,full_22,log_loss,1.3436929245799052,3,0.0843894887813093
6,tucker_learned,full_22,log_loss,1.685212185068736,3,0.14621586188228908
7,tucker_learned,full_22,log_loss,0.689583368098138,3,0.12438010860938115
8,tucker_learned,full_22,log_loss,0.6868691142856721,3,0.10025754070119261
9,tucker_learned,full_22,log_loss,0.6256046721702311,3,0.08789006114891124
1,tucker_learned,random_static_16,balanced_accuracy,0.47490842490842483,3,0.011821347665278353
2,tucker_learned,random_static_16,balanced_accuracy,0.32564102564102565,3,0.012258070866135612
3,tucker_learned,random_static_16,balanced_accuracy,0.5681318681318681,3,0.03182310194897528
4,tucker_learned,random_static_16,balanced_accuracy,0.3208333333333333,3,0.041820066078409546
5,tucker_learned,random_static_16,balanced_accuracy,0.3846153846153846,3,0.019102133879168384
6,tucker_learned,random_static_16,balanced_accuracy,0.33015151515151514,3,0.0299318172231042
7,tucker_learned,random_static_16,balanced_accuracy,0.29734432234432234,3,0.028046507016691504
8,tucker_learned,random_static_16,balanced_accuracy,0.48315018315018315,3,0.010203947455812542
9,tucker_learned,random_static_16,balanced_accuracy,0.5411519036519037,3,0.048969662982681926
1,tucker_learned,random_static_16,log_loss,1.8836685706832343,3,0.2646074969719456
2,tucker_learned,random_static_16,log_loss,2.344716642628082,3,0.45202386119927673
3,tucker_learned,random_static_16,log_loss,1.2621135264023058,3,0.13387685505860658
4,tucker_learned,random_static_16,log_loss,1.6094900374689727,3,0.20794316713718344
5,tucker_learned,random_static_16,log_loss,1.825442012263889,3,0.07290715336754125
6,tucker_learned,random_static_16,log_loss,1.8477592118322452,3,0.23354828880755618
7,tucker_learned,random_static_16,log_loss,3.3782246314208897,3,0.5544333703900833
8,tucker_learned,random_static_16,log_loss,2.0372058307242855,3,0.3187752026547097
9,tucker_learned,random_static_16,log_loss,1.3574016220204257,3,0.11420836340906088
1,tucker_learned,dynamic_random_16,balanced_accuracy,0.47362637362637366,3,0.045470698589550995
2,tucker_learned,dynamic_random_16,balanced_accuracy,0.3408424908424908,3,0.007012523706621499
3,tucker_learned,dynamic_random_16,balanced_accuracy,0.6039377289377289,3,0.023809171595028034
4,tucker_learned,dynamic_random_16,balanced_accuracy,0.3123931623931624,3,0.010337332121300766
5,tucker_learned,dynamic_random_16,balanced_accuracy,0.3782051282051282,3,0.03328398714294145
6,tucker_learned,dynamic_random_16,balanced_accuracy,0.36848484848484847,3,0.023765188947140647
7,tucker_learned,dynamic_random_16,balanced_accuracy,0.2732600732600733,3,0.017726818509249617
8,tucker_learned,dynamic_random_16,balanced_accuracy,0.49532967032967035,3,0.03184996956236942
9,tucker_learned,dynamic_random_16,balanced_accuracy,0.564083139083139,3,0.07129933864939852
1,tucker_learned,dynamic_random_16,log_loss,1.9408077002733586,3,0.31458057543112716
2,tucker_learned,dynamic_random_16,log_loss,2.3379061962522263,3,0.47402647759987915
3,tucker_learned,dynamic_random_16,log_loss,1.1537934295553705,3,0.09639267087283589
4,tucker_learned,dynamic_random_16,log_loss,1.5867976125987593,3,0.20975133502247828
5,tucker_learned,dynamic_random_16,log_loss,1.8207305760905748,3,0.0895498934302149
6,tucker_learned,dynamic_random_16,log_loss,1.7942775577179664,3,0.20471163367499542
7,tucker_learned,dynamic_random_16,log_loss,3.5086548181669612,3,0.5729102588854482
8,tucker_learned,dynamic_random_16,log_loss,1.9074205987471293,3,0.2657320489471464
9,tucker_learned,dynamic_random_16,log_loss,1.3028417704180673,3,0.16035551847641932
1,tucker_learned,random_static_6,balanced_accuracy,0.36007326007326007,3,0.048243997155596435
2,tucker_learned,random_static_6,balanced_accuracy,0.2923076923076923,3,0.008690471365654425
3,tucker_learned,random_static_6,balanced_accuracy,0.4493589743589744,3,0.016705365047699913
4,tucker_learned,random_static_6,balanced_accuracy,0.28792735042735046,3,0.03730484074826895
5,tucker_learned,random_static_6,balanced_accuracy,0.3128205128205129,3,0.03639761427327789
6,tucker_learned,random_static_6,balanced_accuracy,0.27954545454545454,3,0.011263192448512595
7,tucker_learned,random_static_6,balanced_accuracy,0.30320512820512824,3,0.010092389428861589
8,tucker_learned,random_static_6,balanced_accuracy,0.36913919413919416,3,0.02366715678180017
9,tucker_learned,random_static_6,balanced_accuracy,0.44469696969696965,3,0.032920413769531184
1,tucker_learned,random_static_6,log_loss,2.5473850227062513,3,0.4044811668614005
2,tucker_learned,random_static_6,log_loss,2.53284376903632,3,0.4565644729715983
3,tucker_learned,random_static_6,log_loss,1.7173909303648005,3,0.037491338797984726
4,tucker_learned,random_static_6,log_loss,1.7694271205066958,3,0.18452114486895363
5,tucker_learned,random_static_6,log_loss,2.065963473852324,3,0.05150076172430413
6,tucker_learned,random_static_6,log_loss,1.9705789833711431,3,0.29215619347582406
7,tucker_learned,random_static_6,log_loss,3.13756756085429,3,0.4103023627897568
8,tucker_learned,random_static_6,log_loss,2.4931220196187787,3,0.2117532371575665
9,tucker_learned,random_static_6,log_loss,1.8529252628388455,3,0.21493962733024488
1,tucker_learned,dynamic_random_6,balanced_accuracy,0.36428571428571427,3,0.010829891947487383
2,tucker_learned,dynamic_random_6,balanced_accuracy,0.2761904761904762,3,0.016282865033621127
3,tucker_learned,dynamic_random_6,balanced_accuracy,0.5017399267399267,3,0.023329911595503457
4,tucker_learned,dynamic_random_6,balanced_accuracy,0.28450854700854705,3,0.026806234725839137
5,tucker_learned,dynamic_random_6,balanced_accuracy,0.2871794871794872,3,0.03459163477751804
6,tucker_learned,dynamic_random_6,balanced_accuracy,0.2896969696969697,3,0.011790955429299222
7,tucker_learned,dynamic_random_6,balanced_accuracy,0.30256410256410254,3,0.018154516509573036
8,tucker_learned,dynamic_random_6,balanced_accuracy,0.41895604395604397,3,0.015824748158147953
9,tucker_learned,dynamic_random_6,balanced_accuracy,0.48276029526029535,3,0.027770020270716896
1,tucker_learned,dynamic_random_6,log_loss,2.294652641571728,3,0.09879673373144707
2,tucker_learned,dynamic_random_6,log_loss,2.4794298771504018,3,0.4010512019129579
3,tucker_learned,dynamic_random_6,log_loss,1.5083416832751144,3,0.06603492771035308
4,tucker_learned,dynamic_random_6,log_loss,1.728478957352711,3,0.1519052013034103
5,tucker_learned,dynamic_random_6,log_loss,2.0972106833980613,3,0.056680817541526214
6,tucker_learned,dynamic_random_6,log_loss,1.8936642371997916,3,0.22401295919591022
7,tucker_learned,dynamic_random_6,log_loss,2.9961904747218173,3,0.35701810232331216
8,tucker_learned,dynamic_random_6,log_loss,2.1699927992373516,3,0.21089265042650615
9,tucker_learned,dynamic_random_6,log_loss,1.6158183812675186,3,0.12830969836221645
